{"cameraMode":{"drawMode":0,"name":"Shaded","section":"Shading Mode"},"sceneLighting":true,"audioPlay":false,"sceneViewState":{"showFog":true,"showMaterialUpdate":false,"showSkybox":true,"showFlares":true,"showImageEffects":true,"showParticleSystems":true},"in2DMode":false,"pivot":{"x":0.26580560207366946,"y":0.9001228213310242,"z":0.24471068382263184},"rotation":{"x":0.011803745292127133,"y":0.984477698802948,"z":-0.15937769412994386,"w":0.07277941703796387},"size":2.395078659057617,"orthographic":false}