{"cameraMode":{"drawMode":0,"name":"Shaded","section":"Shading Mode"},"sceneLighting":true,"audioPlay":false,"sceneViewState":{"showFog":true,"showMaterialUpdate":false,"showSkybox":true,"showFlares":true,"showImageEffects":true,"showParticleSystems":true},"in2DMode":false,"pivot":{"x":-5.067625999450684,"y":-5.3747711181640629,"z":-3.188856840133667},"rotation":{"x":0.022275451570749284,"y":0.8530690670013428,"z":-0.520096480846405,"w":0.03660740330815315},"size":15.285942077636719,"orthographic":false}