{"cameraMode":{"drawMode":0,"name":"Shaded","section":"Shading Mode"},"sceneLighting":true,"audioPlay":false,"sceneViewState":{"showFog":true,"showMaterialUpdate":false,"showSkybox":true,"showFlares":true,"showImageEffects":true,"showParticleSystems":true},"in2DMode":false,"pivot":{"x":0.6247711777687073,"y":-1.6343835592269898,"z":20.99067497253418},"rotation":{"x":-0.07940235733985901,"y":-0.019446225836873056,"z":0.0015621063066646457,"w":-0.9966806769371033},"size":23.334524154663087,"orthographic":false}