{"cameraMode":{"drawMode":0,"name":"Shaded","section":"Shading Mode"},"sceneLighting":true,"audioPlay":false,"sceneViewState":{"showFog":true,"showMaterialUpdate":false,"showSkybox":true,"showFlares":true,"showImageEffects":true,"showParticleSystems":true},"in2DMode":false,"pivot":{"x":-11.962742805480957,"y":11.861604690551758,"z":-0.2967190444469452},"rotation":{"x":0.32720184326171877,"y":0.5614567995071411,"z":-0.25686368346214297,"w":0.7154060006141663},"size":3.1620218753814699,"orthographic":false}